Robinia,_Elie.223
Judy,_Beverley.84
Dyann,_Emma.234
Maurene,_Marjie.477
Ekaterina,_Carlie.112
Darlleen,_Mamie.463
Starla,_Misha.512
Ayn,_Florencia.261
Susette,_Carly.113
Jillayne,_Anica.40
Clarice,_Ericka.238
Chickie,_Raquela.574
Doro,_Talya.648
Layla,_Tonia.667
Mireielle,_Yolane.701
Cam,_Paola.553
Marcelline,_Molli.514
Robinia,_Marika.474
Lorenza,_Selma.614
Elsie,_Constance.155
Jasmina,_Sam.607
Ursulina,_Brena.95
Dorene,_Wileen.693
Suzette,_Malina.461
Gaylene,_Alleen.22
Nicoli,_Georgina.277
Glynnis,_Lorenza.440
Heddie,_Candi.107
Rivalee,_Bobinette.92
Chandra,_Sandie.608
Kamilah,_Sean.612
Adriana,_Suzette.644
Merci,_Karina.374
Leona,_Gerianna.278
Estell,_Liana.425
Meg,_Roxane.599
Veda,_Belva.74
Robinia,_Maryellen.484
Ketti,_Daryl.180
Gwenneth,_Joceline.352
Silvana,_Elise.224
Nita,_Kial.393
Lulita,_Clo.151
Dorthy,_Tilly.663
Myriam,_Dorothy.207
Imojean,_Caressa.109
Heddie,_Gretal.292
Sissy,_Elie.223
Aryn,_Valli.678
Darlleen,_Zondra.705
Berget,_Di.194
Brynna,_Abbie.1
Diena,_Reeba.577
Roxane,_Katharina.381
Raina,_Jillayne.348
Rayna,_Madelle.456
Elsie,_Gilda.282
Karena,_Regina.578
Marnia,_Deedee.186
Chere,_Gusella.295
Lynde,_Vinita.685
Michaelina,_Thalia.658
Queenie,_Talya.648
Ellette,_Lesly.422
Brianna,_Kamilah.371
Sam,_Consuela.156
Jan,_Jere.344
Hayley,_Rochette.589
Jenda,_Minda.508
Rozele,_Cacilie.103
Gwyneth,_Gratia.291
Veda,_Grier.293
Meghann,_Maisey.460
Britte,_Cathyleen.124
Fanchon,_Meg.491
Susan,_Netty.532
Kristina,_Angela.38
Cathie,_Ursulina.675
Sabina,_Ricky.584
Ilse,_Daune.181
Ofilia,_Konstance.399
Dania,_Eolanda.237
Anallese,_Riannon.583
Marcelline,_Valeda.676
Oona,_Tera.655
Yvonne,_Chastity.134
Glynnis,_Kayla.386
Ileana,_Lory.443
Ginnie,_Dacia.169
Nerta,_Doralynne.203
Ivett,_Annice.45
Helena,_Dacia.169
Ada,_Tarra.652
Lindie,_Yolane.701
Angela,_Renie.580
Taffy,_Katuscha.385
Cindelyn,_Rosene.597
Andree,_Nariko.525
Joy,_Lesly.422
Raquela,_Lorenza.440
Anica,_Gale.271
Judy,_Raf.570
Latisha,_Phedra.562
Yolane,_Jordan.358
Ileana,_Kirbee.396
Anica,_Heddie.305
Renie,_Viki.684
Gerrie,_Carmela.114
Jean,_Etta.244
Kayla,_Misha.512
Anica,_Mureil.518
Belinda,_Sue.641
Dawn,_Wanda.691
Pollyanna,_Orsola.550
Aeriela,_Ernesta.240
Clementine,_Peri.559
Gloria,_Judy.363
Vanessa,_Kirbee.396
Vevay,_Violet.686
Molli,_Blake.88
Peri,_Genevra.274
Claudina,_Krystle.404
Tani,_Hallie.300
Sheelagh,_Ardeen.50
Lizzie,_Silvana.631
Amalie,_Helsa.308
Ulrike,_Mireielle.511
Natka,_Emmey.235
Catharine,_Modestia.513
Chere,_Marcelline.465
Fidelia,_Layla.414
Sidoney,_Dari.178
Ileana,_Charissa.131
Bill,_Suzette.644
Corry,_Harrietta.303
Cacilie,_Lusa.449
Meghann,_Thalia.658
Betta,_Nyssa.542
Max,_Deirdre.187
Valeda,_Ronna.591
Yvonne,_Maurene.488
Lynnea,_Shauna.620
Ada,_Barbi.69
Leeanne,_Sean.612
Anallese,_Aubrie.60
Christy,_Debee.184
Loree,_Reeba.577
Cyb,_Elyssa.231
Verla,_Rhea.581
Shaine,_Anallese.34
Annice,_Zsa Zsa.706
Kathy,_Addia.3
Konstance,_Theodora.659
Roz,_Eolanda.237
Valera,_Wendi.692
Cassandra,_Gabriellia.270
Raquela,_Orelia.549
Aeriela,_Carree.118
Dode,_Orelia.549
Mariele,_Lila.427
Gusella,_Thalia.658
Karena,_Trudie.672
Dorice,_Starla.637
Devina,_Ebonee.215
Jordan,_Alyda.27
Sadie,_Bernie.78
Glynnis,_Vevay.683
Talya,_Carol-Jean.116
Candi,_Caressa.109
Helena,_Ronna.591
Jinny,_Sashenka.611
Kial,_Lesly.422
Merrie,_Nananne.522
Jobi,_Winny.697
Roxane,_Stacey.636
Nickie,_Giustina.286
Tierney,_Evaleen.246
Livvyy,_Shannah.617
Genovera,_Georgina.277
Iseabal,_Lita.434
Michaelina,_Marsiella.481
Drucie,_Fayre.254
Tabbatha,_Clarice.147
Melisent,_Sibella.629
Amelia,_Tamqrah.650
Belva,_Maurene.488
Zsa Zsa,_Candi.107
Emilia,_Alex.17
Nerta,_Adele.4
Ayn,_Estell.242
Lorie,_Emma.234
Danny,_Chickie.138
Agnese,_Cherilyn.136
Talya,_Atlanta.59
Brynna,_Emelina.232
Robbi,_Margarette.468
Kirbee,_Vivia.688
Viviene,_Bertine.80
Bernie,_Neila.528
Zaria,_Linet.431
Petronia,_Dede.185
Rhea,_Agathe.9
Dale,_Annaliese.43
Noelle,_Caryl.119
Latisha,_Lanae.407
Misha,_Jackie.327
Flo,_Renie.580
Carol-Jean,_Elsie.229
Oralee,_Vinita.685
Mary,_Laure.411
Lynea,_Deedee.186
Peri,_Sophia.635
Damaris,_Sheelagh.622
Robbi,_Linet.431
Etta,_Rubie.602
Vere,_Dagmar.170
Babita,_Clary.148
Leia,_Wendi.692
Fina,_Heida.306
Lanae,_Sissy.633
Elvira,_Teriann.656
Maisey,_Lacie.406
Anthia,_Tamqrah.650
Selia,_Elka.225
Max,_Robinia.588
Brooks,_Asia.58
Rayna,_Vere.681
Hildegaard,_Xylina.699
Vonny,_Ashlee.57
Darlleen,_Selia.613
Ileana,_Norine.541
Sybille,_Adelle.5
Vinita,_Kittie.398
Dawn,_Corina.160
Kirstin,_Clementine.150
Randa,_Dorthy.208
Jaime,_Nollie.539
Ira,_Lynde.450
Starla,_Phedra.562
Arabel,_Rhoda.582
Clarice,_Sherrie.626
Isa,_Nollie.539
Eadie,_Philis.563
Noelle,_Morganica.516
Isa,_Lorie.441
Loree,_Tabbatha.646
Dulcinea,_Atlanta.59
Mady,_Marline.479
Leontine,_Nikki.535
Tobe,_Selma.614
Brena,_Brooks.101
Annaliese,_Courtnay.164
Cristine,_Jasmina.337
Hyacinthe,_Cecile.126
Ulrike,_Verla.682
Dione,_Valeda.676
Ivett,_Ruthe.603
Almeta,_Jessamyn.346
Dode,_Annice.45
Chrystel,_Alexine.18
Nariko,_Kylynn.405
Ida,_Gwenneth.297
Ana,_Shell.624
Alex,_Ann-Marie.41
Dania,_Etta.244
Arlena,_Cecile.126
Tori,_Britni.99
Randa,_Briney.98
Gaylene,_Briney.98
Fidelia,_Veda.680
Ana,_Josephine.360
Adele,_Kial.393
Ezmeralda,_Elka.225
Inga,_Dorice.205
Desirae,_Georgina.277
Gavrielle,_Lusa.449
Celisse,_Renie.580
Sarette,_Candy.108
Lilith,_Barbara.68
Bettine,_Catrina.125
Catharine,_Lolita.437
Gusty,_Clarice.147
Teddie,_Lolita.437
Camile,_Ida.316
Arabel,_Gilligan.283
Starla,_Aubrie.60
Jean,_Natka.527
Daune,_Marcelline.465
Carlie,_Stacey.636
Katleen,_Perry.560
Charmaine,_Ida.316
Olwen,_Pamella.552
Esmeralda,_Drucie.210
Cristabel,_Fredericka.267
Fanny,_Taffy.647
Ricky,_Selma.614
Raquela,_Nanete.523
Sandie,_Rivalee.585
Kary,_Dawn.182
Nannie,_Mara.464
Phedra,_Darci.177
Raquela,_Lelah.418
Sissy,_Elena.221
Marnia,_Lisette.433
Jacenta,_Donetta.201
Dennie,_Aimil.13
Nicoli,_Amalie.29
Kimmy,_Dorene.204
Verla,_Xylina.699
Teriann,_Hayley.304
Wynne,_Keelia.387
Maryellen,_Kalina.370
Gavrielle,_Karlee.375
Sharlene,_Cristabel.165
Hayley,_Lanna.408
Oralee,_Alejandra.16
Lesly,_Peri.559
Alexine,_Nicoli.534
Kamilah,_Stevana.640
Anica,_Delilah.188
Imojean,_Elsie.229
Alleen,_Liana.425
Taffy,_Kalina.370
Genovera,_Marita.476
Tiffie,_Abbie.1
Peri,_Madalyn.454
Dotty,_Coral.157
Fredericka,_Edee.216
Brynna,_Kamilah.371
Dominga,_Katharina.381
Eugine,_Jemie.340
Tarra,_Fayre.254
Carilyn,_Therine.660
Halette,_Lorie.441
Kathi,_Ashlee.57
Dianemarie,_Flory.263
Mary,_Leanna.415
Barbi,_Amara.30
Tina,_Cassondra.121
Kathy,_Oona.547
Benita,_Yvonne.702
Corry,_Di.194
Alia,_Ida.316
Hildegaard,_Mariann.471
Michaelina,_Nannie.524
Heida,_Rochette.589
Rivalee,_Lulita.448
Carly,_Rochette.589
Mamie,_Bernie.78
Millie,_Marsiella.481
Marsiella,_Constance.155
Nataline,_Gusty.296
Betta,_Harrietta.303
Katharina,_Maryellen.484
Ileana,_Madalyn.454
Lexine,_Ariela.53
Tera,_Maye.490
Marguerite,_Aurelie.63
Sindee,_Deane.183
Daune,_Jere.344
Frank,_Aubrie.60
Raf,_Belva.74
Merle,_Gale.271
Ardenia,_Cherrita.137
Renie,_Gertrud.280
Priscilla,_Cassondra.121
Corry,_Noelle.538
Lucy,_Calla.104
Marline,_Ericka.238
Deane,_Mireielle.511
Hayley,_Anica.40
Joceline,_Eve.247
Therine,_Ricky.584
Marjie,_Mariann.471
Danika,_Lanae.407
Merrie,_Kayla.386
Brana,_Johna.355
Lyssa,_Ardenia.51
Steffane,_Ricky.584
Maryellen,_Lucille.446
Beverley,_Augustine.62
Elfreda,_Amelia.31
Mireielle,_Rebeca.576
Lusa,_Rori.592
Nollie,_Daphne.176
Alex,_Fredericka.267
Vita,_Cathyleen.124
Libbie,_Penelopa.558
Lucille,_Codie.152
Melanie,_Charissa.131
Cherrita,_Dotty.209
Marnia,_Starla.637
Kellen,_Blake.88
Chrystel,_Silvana.631
Collen,_Esmeralda.241
Selma,_Zsa Zsa.706
Ginnie,_Wynne.698
Johna,_Adriana.7
Nataline,_Ardenia.51
Brooks,_Angelique.39
Blondelle,_Joceline.352
Bill,_Teddie.654
Ursulina,_Sara-Ann.609
Molli,_Ericka.238
Dorice,_Mildrid.506
Dione,_Orelia.549
Alie,_Stacey.636
Pollyanna,_Clary.148
Thalia,_Ofilia.544
Olwen,_Mireielle.511
Heida,_Chastity.134
Olwen,_Tani.651
Tori,_Aaren.0
Darlleen,_Raina.571
Lorne,_Eadie.214
Georgetta,_Christal.140
Julieta,_Kary.378
Hope,_Althea.26
Clo,_Kimmy.395
Camile,_Sheree.625
Claudina,_Veda.680
Janeczka,_Moyna.517
Rubie,_Anica.40
Myrtice,_Julieta.365
Nelle,_Ida.316
Melisent,_Sybille.645
Shauna,_Jillayne.348
Fawne,_Raquela.574
Elka,_Brynna.102
Agathe,_Gwenneth.297
Bee,_Raquela.574
Yetty,_Rani.573
Amii,_Debee.184
Maurene,_Chandra.130
Aili,_Olivette.545
Courtnay,_Genevra.274
Emylee,_Dennie.191
Dianemarie,_Jacenta.326
Allyce,_Linzy.432
Susan,_Tabbatha.646
Loree,_Aurelie.63
Petronia,_Beatriz.71
Ann-Marie,_Oralee.548
Mahalia,_Jenilee.342
Fidelia,_Sean.612
Leona,_Lesly.422
Roxane,_Jessamyn.346
Melisent,_Susette.643
Fidelia,_Eugine.245
Cristabel,_Regina.578
Sibella,_Fawne.253
Kathy,_Berta.79
Wendi,_Yvonne.702
Ardenia,_Donnie.202
Olwen,_Emilia.233
Tobe,_Barbara.68
Clarice,_Brietta.97
Katleen,_Angela.38
Roz,_Emma.234
Cherilyn,_Almeta.25
Brianna,_Lonnie.438
Lisette,_Mary.483
Sybille,_Silvana.631
Gilda,_Jorry.359
Oona,_Cam.105
Elfreda,_Belinda.73
Janis,_Zsa Zsa.706
Celisse,_Karly.376
Nerta,_Peri.559
Annaliese,_Trixi.671
Nelle,_Annabela.42
Joceline,_Emylee.236
Abbie,_Hallie.300
Gratia,_Ekaterina.219
Fanny,_Nadine.521
Bibby,_Chastity.134
Laure,_Lynnea.452
Sallie,_Nickie.533
Dione,_Ashlee.57
Ernesta,_Isa.323
Tilly,_Wynne.698
Candi,_Rochette.589
Luci,_Meriel.499
Zia,_Jean.338
Rhoda,_Gaylene.273
Maud,_Bobbi.91
Rochette,_Florie.262
Barbara,_Lorenza.440
Joceline,_Chandra.130
Adriana,_Josephine.360
Rani,_Tami.649
Elie,_Bobinette.92
Feliza,_Jan.331
Elora,_Lynnea.452
Rori,_Malina.461
Hermione,_Dale.171
Benita,_Carolina.117
Georgina,_Delilah.188
Jackie,_Nikki.535
Kayla,_Sherrie.626
Marleah,_Mara.464
Nita,_Adriana.7
Tonia,_Clary.148
Pearline,_Fredericka.267
Rhea,_Paulita.556
Grier,_Linzy.432
Ekaterina,_Kellen.388
Gloria,_Gusty.296
Kristina,_Jinny.349
Ana,_Siana.628
Nariko,_Jacquetta.329
Beatriz,_Ronna.591
Joceline,_Jan.331
Lulita,_Lory.443
Edee,_Krystle.404
Raquela,_Lacie.406
Meghann,_Kary.378
Concettina,_Averyl.65
Carmela,_Deirdre.187
Alia,_Heida.306
Lucille,_Frances.264
Aeriela,_Louella.444
Anthia,_Jacenta.326
Jillayne,_Vita.687
Marline,_Sharai.618
Cherilyn,_Maurene.488
Selia,_Monika.515
Ira,_Lenna.419
Ana,_Hildegaard.312
Merrie,_Ilse.318
Jinny,_Rosene.597
Meghann,_Esmeralda.241
Elbertina,_Annecorinne.44
Merrie,_Maisey.460
Emylee,_Claresta.146
Dorothy,_Kaja.369
Ayn,_Marylou.485
Ekaterina,_Ardys.52
Lucy,_Micheline.504
Nickie,_Babita.67
Ezmeralda,_Fawne.253
Tera,_Flo.260
Pamella,_Dale.171
Delilah,_Ardeen.50
Sophia,_Karlee.375
Phylis,_Gisela.285
Augustine,_Sherrie.626
Talya,_Pamella.552
Shell,_Christy.142
Kayla,_Vivia.688
Pierette,_Moyna.517
Ulrike,_Roz.600
Jolyn,_Riannon.583
Candy,_Dagmar.170
Tracey,_Pierette.565
Tomasina,_Aaren.0
Karena,_Danny.175
Gwenneth,_Gabriellia.270
Romona,_Kylynn.405
Dacia,_June.366
Nerta,_Dari.178
Melodie,_Glenda.287
Siana,_Darci.177
Fawne,_Blake.88
Trixi,_Claresta.146
Chloris,_Jerry.345
Oona,_Perry.560
Dennie,_Harrietta.303
Allis,_Sadie.605
Aurelie,_Monika.515
Aeriela,_Anica.40
Helena,_Ofilia.544
Sara-Ann,_Stephanie.639
Sadie,_Malina.461
Averyl,_Nataline.526
Anica,_Livvyy.435
Gianina,_Lilith.428
Cassandra,_Agnese.10
Ana,_Elie.223
Belva,_Kerrin.391
Angela,_Janis.335
Sybille,_Celisse.129
Deedee,_Romona.590
Sophia,_Ricky.584
Rivalee,_Maud.487
Cecile,_Ketti.392
Rani,_Rhea.581
Minda,_Verla.682
Dotty,_Antonietta.48
Jenilee,_Elise.224
Kalina,_Ariela.53
Jordan,_Berta.79
Janis,_Almeta.25
Constance,_Chickie.138
Kittie,_Nadine.521
Marinna,_Petronia.561
Sadie,_Annora.46
Lanna,_Jasmina.337
Iseabal,_Jean.338
Aryn,_Meghann.492
Joy,_Cherilyn.136
Jorry,_Helsa.308
Annice,_Wileen.693
Lisette,_Aryn.56
Chrystel,_Dotty.209
Cyndie,_Natka.527
Perry,_Delilah.188
Maye,_Leanna.415
Emylee,_Benita.75
Deane,_Inga.320
Leontine,_Edee.216
Cherrita,_Trixi.671
Selia,_Peri.559
Tierney,_Nessie.531
Dione,_Chrystel.143
Nicoli,_Hettie.311
Perry,_Hermione.310
Clarice,_Janenna.333
Hannis,_Nicoli.534
Chickie,_Clarice.147
Gabi,_Julieta.365
Hollie,_Tracey.669
Tiffie,_Selia.613
Brooks,_Aryn.56
Nadine,_Jessamyn.346
Dorene,_Marjie.477
Brena,_Mallory.462
Christal,_Kassey.379
Lanae,_Carol-Jean.116
Rubie,_Sam.607
Courtnay,_Trudie.672
Calla,_Roz.600
Karly,_Teddie.654
Jemie,_Lory.443
Julieta,_Orsola.550
Katuscha,_Stacey.636
Elmira,_Marika.474
Merry,_Merrie.501
Lucy,_Dawn.182
Kore,_Starla.637
Bobinette,_Susan.642
Linzy,_Olivette.545
Karina,_Mary.483
Carree,_Dorothy.207
Carree,_Meghann.492
Vivia,_Lilith.428
Gabriellia,_Rosanne.595
Shirlee,_Mignon.505
Roberta,_Edee.216
Dorene,_Drucie.210
Sharai,_Annaliese.43
Mary,_Lily.429
Veda,_Roslyn.598
Candi,_Neila.528
Ninnetta,_Corly.161
Dacia,_Lizzie.436
Tybie,_Esmeralda.241
Frances,_Abbie.1
Amalie,_Reeba.577
Trixi,_Celene.127
Betta,_Belinda.73
Delilah,_Lenna.419
Merci,_Minne.509
Estell,_Marleah.478
Chastity,_Shauna.620
Elmira,_Dyann.213
Taffy,_Lanna.408
Jenda,_Albertina.15
Carilyn,_Gusella.295
Hermione,_Kore.400
Valeda,_Candi.107
Fayre,_Clarice.147
Malina,_Yetty.700
Ericka,_Philis.563
Oralee,_Katuscha.385
Madalyn,_Margalo.467
Karina,_Xylina.699
Beverley,_Odessa.543
Lilith,_Katuscha.385
Harrietta,_Ronna.591
Clementine,_Deirdre.187
Dianemarie,_Gabi.269
Collen,_Bernardine.77
Joelly,_Lyssa.453
Berget,_Sabina.604
Kimmy,_Adriana.7
Ruthe,_Minda.508
Julieta,_Rosene.597
Genovera,_Evaleen.246
Kylynn,_Jillayne.348
Beverley,_Candy.108
Bettine,_Elie.223
Merry,_Babita.67
Letizia,_Jaime.330
Laurene,_Millie.507
Kellen,_Karlee.375
Chickie,_Norine.541
Cherrita,_Jolyn.357
Max,_Kathi.382
Gwyneth,_Fidelia.258
Sara-Ann,_Belva.74
Janey,_Ingrid.321
Ottilie,_Christian.141
Kimberley,_Ottilie.551
Sherrie,_Teriann.656
Donetta,_Dominga.200
Andree,_Agnese.10
Teriann,_Hope.314
Pollyanna,_Tani.651
Joleen,_Mildrid.506
Marti,_Lila.427
Mureil,_Ofilia.544
Perry,_Konstance.399
Marika,_Marti.482
Talya,_Kaia.368
Tamqrah,_Allyce.24
Audrie,_Nicoli.534
Elena,_Kittie.398
Zaria,_Wanda.691
Mariann,_Drucie.210
Dode,_Rosanne.595
Nerta,_Dorice.205
Di,_Johna.355
Merci,_Charlena.132
Libbie,_Lenna.419
Neila,_Deane.183
Selma,_Kial.393
Emma,_Netty.532
Thalia,_Nariko.525
Brandise,_Inga.320
Nikki,_Jenda.341
Lita,_Helena.307
Emylee,_Deane.183
Shaine,_Bernardine.77
Donetta,_Lita.434
Roseline,_Susan.642
Thalia,_Dotty.209
Ottilie,_Phylis.564
Peri,_Elena.221
Blinni,_Selma.614
Neila,_Sashenka.611
Bettine,_Fidelia.258
Cissiee,_Ricky.584
Amalie,_Harrietta.303
Sherrie,_Doralynne.203
Max,_Helsa.308
Arlina,_Pearline.557
Mara,_Dennie.191
Camile,_Shaine.615
Kristina,_Gale.271
Tatiania,_Kathy.383
Jorry,_Tersina.657
Jacquetta,_Nicoli.534
Madeleine,_Danny.175
Glynnis,_Nadine.521
Paulita,_Beverley.84
Marguerite,_Binny.87
Valera,_Aurelie.63
Wilma,_Lila.427
Selia,_Mamie.463
Jerry,_Mahalia.459
Corene,_Marjie.477
Barbara,_Miquela.510
Rhoda,_Agnese.10
Zaria,_Codie.152
Kellen,_Talya.648
Miquela,_Lindie.430
Kore,_Elora.228
Malina,_Penelopa.558
Giustina,_Rosaline.594
Rori,_Joane.350
Carmencita,_Merry.502
Nessie,_Jsandye.362
Brianna,_Willetta.694
Valera,_Amelia.31
Sherrie,_Selma.614
Nataline,_Chere.135
Korrie,_Madelle.456
Quintina,_Jacenta.326
Averyl,_Allis.23
Arlina,_Zsa Zsa.706
Marjie,_Gui.294
Hollie,_Corina.160
Josephine,_Siana.628
Jackie,_Carmela.114
Dulcinea,_Sibella.629
Viviene,_Lexine.424
Atlanta,_Briney.98
Heida,_Cassandra.120
Chickie,_Aryn.56
Jinny,_Tarra.652
Mahalia,_Tracey.669
Goldie,_Margalo.467
Gilligan,_Kamilah.371
Mariann,_Fred.266
Mathilda,_Xylina.699
Rebeca,_Arlina.55
Winny,_Bill.86
Trudie,_Rori.592
Giustina,_Mariann.471
Danny,_Ann-Marie.41
Diena,_Gertrud.280
Carree,_Meriel.499
Priscilla,_Melina.494
Flo,_Rhoda.582
Magdalena,_Ermengarde.239
Wilma,_Theodora.659
Ellette,_Kara-Lynn.372
Isa,_Catrina.125
Andree,_Felice.255
Mellicent,_Dyann.213
Jessamyn,_Edyth.218
Joelly,_Tracey.669
Ilse,_Steffane.638
Aurelie,_Micheline.504
Kamilah,_Nariko.525
Alexine,_Ardys.52
Camile,_Ellette.226
Deedee,_Riannon.583
Lizzie,_Kylynn.405
Mureil,_Marinna.475
Merci,_Berta.79
Britte,_Elsie.229
Philis,_Annecorinne.44
Fanny,_Sharai.618
Pamella,_Juliane.364
Mureil,_Adelle.5
Aurore,_Susette.643
Daphne,_Elbertina.220
Jolyn,_Dorice.205
Jany,_Fawne.253
Lonnie,_Harmonia.302
Fanchon,_Joane.350
Ilse,_Layla.414
Lelah,_Carly.113
Dawn,_Nicoli.534
Gerianna,_Luci.445
Caryl,_Lusa.449
Moyna,_Natka.527
Mariann,_Paola.553
Mureil,_Lesly.422
Carol-Jean,_Wanda.691
Dorthy,_Krystle.404
Fanny,_Sean.612
Dyann,_Tani.651
Jobi,_Emmey.235
Minne,_Ethel.243
Brianna,_Suzette.644
Lacie,_Averyl.65
Sarette,_Jemie.340
Corly,_Tabbatha.646
Blondelle,_Kaja.369
Mireielle,_Lynde.450
Kaia,_Norine.541
Addia,_Corene.159
Neila,_Ivett.325
Amara,_Bertine.80
Chloris,_Max.489
Ernesta,_Alia.19
Pierette,_Rosene.597
Aeriela,_Ana.33
Candi,_Jacquetta.329
Wynne,_Latisha.410
Nyssa,_Clo.151
Tarra,_Silvana.631
Chickie,_Jan.331
Nerta,_Mellicent.496
Nelle,_Marita.476
Mary,_Edith.217
Chere,_Ayn.66
Agnese,_Tobe.665
Chloris,_Marleah.478
Meriel,_Flory.263
Helena,_Mallory.462
Caryl,_Misha.512
Sean,_Viviene.689
Shirlee,_Annora.46
Shannah,_Tomasina.666
Rori,_Valli.678
Joeann,_Kara-Lynn.372
Beverley,_Annaliese.43
Ida,_Bibby.85
Louella,_Jacquetta.329
Marsiella,_Agnese.10
Valli,_Ariela.53
Brietta,_Bobinette.92
Tatiania,_Annaliese.43
Sharlene,_Di.194
Grier,_Sissy.633
Brana,_Nannie.524
Frank,_Ottilie.551
Cathyleen,_Catharine.122
Joelly,_Jennica.343
Alex,_Marcy.466
Wanda,_Adriana.7
Tomasina,_Ingrid.321
Amalie,_Codie.152
Andeee,_Marleah.478
Janenna,_Alyssa.28
Kate,_Almeta.25
Shel,_Ketti.392
Gisela,_Lizzie.436
Cathyleen,_Netty.532
Ingrid,_Wilma.695
Sophia,_Brena.95
Aubrie,_Lexine.424
Mallory,_Angela.38
Jacquetta,_Rayna.575
Brianna,_Larine.409
Dorothy,_Jacquetta.329
Charlena,_Rayna.575
Pamella,_Inga.320
Stevana,_Ruthe.603
Cherilyn,_Merle.500
Alyda,_Neila.528
Emelina,_Janeczka.332
Margette,_Kate.380
Maye,_Britni.99
Tina,_Felice.255
Sheree,_Ricky.584
Liana,_Ethel.243
Dianemarie,_Dode.198
Jillayne,_Marline.479
Tina,_Lanna.408
Robinia,_Rosabelle.593
Eolanda,_Lucy.447
Jordan,_Ilse.318
Marinna,_Millie.507
Ellette,_Selma.614
Doralynne,_Tonia.667
Nananne,_Caryl.119
Liana,_Allyce.24
Jean,_Vonny.690
Janis,_Jillayne.348
Lynde,_Caressa.109
Melanie,_Bettine.83
Georgetta,_Shaine.615
Shirlee,_Ebonee.215
Oralee,_Glynnis.289
Nanete,_Marita.476
Silvana,_Blinni.89
Nataline,_Mallory.462
Emylee,_Lynde.450
Drucie,_Mureil.518
Harmonia,_Paola.553
Heddie,_Ana.33
Mellicent,_Estell.242
Chrystel,_Gilda.282
Nollie,_Minda.508
Kaia,_Merle.500
Candy,_Regina.578
Belva,_Lorenza.440
Kelly,_Rosabelle.593
Sybille,_Aurore.64
Ilse,_Alleen.22
Orelia,_Madeleine.455
Helena,_Kerrin.391
Nita,_Courtnay.164
Rosaline,_Malina.461
Gertrud,_Cathyleen.124
Dode,_Caressa.109
Gwenneth,_Aryn.56
Dolli,_Max.489
Vanessa,_Larine.409
Ricky,_Rosene.597
Ilse,_Ada.2
Jorry,_Nickie.533
Nyssa,_Jillayne.348
Debee,_Katharina.381
Henriette,_Camile.106
Lenna,_Bernie.78
Lory,_Goldie.290
Cam,_Cam.105
Julieta,_Damaris.172
Heida,_Trixi.671
Oona,_Mahalia.459
Meghann,_Katuscha.385
Mireielle,_Tybie.673
Candy,_Sadie.605
Florie,_Codie.152
Stacey,_Helsa.308
Henriette,_Yvonne.702
Jere,_Edith.217
Binny,_Devina.193
Tamqrah,_Damaris.172
Adelle,_Marnia.480
Emylee,_Aubrie.60
Amelia,_Ofilia.544
Sharlene,_Fanny.251
Olivette,_Merci.498
Courtnay,_Tomasina.666
Sybille,_Norine.541
Binny,_Lynde.450
Eve,_Edyth.218
Annecorinne,_Annaliese.43
Yetty,_Shauna.620
Zsa Zsa,_Lory.443
Catharine,_Gratia.291
Vita,_Selia.613
Gerrie,_Tobe.665